LLPSDB Experiment label	Droppler prediction	LLPS
PS00000311	0.901664316654205	FALSE
PS00001387	0.980665862560272	FALSE
PS00000774	0.981326997280121	FALSE
PS00000774	0.979985952377319	FALSE
PS00000774	0.987368643283844	FALSE
PS00000774	0.98723840713501	FALSE
PS00000774	0.984719395637512	FALSE
PS00000774	0.984494984149933	FALSE
PS00000774	0.985380589962006	FALSE
PS00001710	0.09115482121706	TRUE
PS00000669	0.95311963558197	FALSE
PS00000924	0.955415368080139	FALSE
PS00001420	0.932617783546448	FALSE
PS00000737	0.031373415142298	TRUE
PS00000737	0.015653125941753	TRUE
PS00000737	0.015444543212652	TRUE
PS00000737	0.016352096572518	TRUE
PS00000737	0.020489463582635	TRUE
PS00000775	0.034231390804052	TRUE
PS00000775	0.037506818771362	TRUE
PS00000775	0.029089530929923	TRUE
PS00000775	0.013977965340018	TRUE
PS00000775	0.010469234548509	TRUE
PS00000405	0.045209504663944	TRUE
PS00000407	0.053042087703943	TRUE
PS00000736	0.916269063949585	FALSE
PS00000736	0.947741389274597	FALSE
PS00000736	0.927036225795746	FALSE
PS00000736	0.932607650756836	FALSE
PS00000736	0.929638385772705	FALSE
PS00001718	0.091009721159935	TRUE
PS00002200	0.986602008342743	FALSE
PS00001405	0.90618771314621	FALSE
PS00000787	0.935608923435211	FALSE
PS00000787	0.951777935028076	FALSE
PS00000787	0.975418627262116	FALSE
PS00000787	0.972820401191711	FALSE
PS00000787	0.964021444320679	FALSE
PS00000787	0.964217126369476	FALSE
PS00001825	0.034128572791815	TRUE
PS00001825	0.038633912801743	TRUE
PS00001824	0.974783778190613	FALSE
PS00001824	0.97660893201828	FALSE
PS00001824	0.975672662258148	FALSE
PS00001824	0.975860834121704	FALSE
PS00001378	0.938236594200134	FALSE
PS00000549	0.919674217700958	FALSE
PS00002331	0.919671177864075	FALSE
PS00001780	0.909133970737457	FALSE
PS00002169	0.957468211650848	FALSE
PS00000678	0.941334366798401	FALSE
PS00000678	0.961697995662689	FALSE
PS00000780	0.979684710502625	FALSE
PS00000780	0.973302483558655	FALSE
PS00000780	0.987570226192474	FALSE
PS00000780	0.986738443374634	FALSE
PS00000780	0.980553507804871	FALSE
PS00000780	0.979412138462067	FALSE
PS00000780	0.98189640045166	FALSE
PS00000742	0.958137512207031	FALSE
PS00000742	0.970279097557068	FALSE
PS00000742	0.966224014759064	FALSE
PS00000742	0.96699720621109	FALSE
PS00000742	0.969391167163849	FALSE
PS00000752	0.902840495109558	FALSE
PS00000752	0.926091492176056	FALSE
PS00000752	0.974162995815277	FALSE
PS00000752	0.978676915168762	FALSE
PS00000752	0.973340570926666	FALSE
PS00000752	0.973215758800507	FALSE
PS00000752	0.975435554981232	FALSE
PS00001484	0.04816959798336	TRUE
PS00000368	0.057079661637545	TRUE
PS00000611	0.061399314552546	TRUE
PS00000629	0.920334041118622	FALSE
PS00000672	0.971481561660767	FALSE
PS00000740	0.929675102233887	FALSE
PS00000740	0.954715967178345	FALSE
PS00000740	0.981845855712891	FALSE
PS00000740	0.973775804042816	FALSE
PS00000740	0.955485880374908	FALSE
PS00000740	0.963790953159332	FALSE
PS00000740	0.954688668251038	FALSE
